{
    "list_names": [
        "1",
        "2",
        "3",
        "4",
        "5",
        "6",
        "7",
        "8",
        "9",
        "10",
        "11",
        "12",
        "13",
        "14",
        "15",
        "16",
        "17",
        "18",
        "19",
        "20",
        "21"
    ],
    "list_x": [
        56.16195682386732,
        65.94607616047438,
        76.8420272398777,
        87.18206244788288,
        28.477346428240523,
        38.03909941628833,
        48.267951450013896,
        60.83165014361159,
        26.364866116927637,
        36.26016862781432,
        48.7126841471324,
        60.72046696933197,
        31.924024830908923,
        42.041693690354855,
        53.82711016399518,
        64.16714537200036,
        44.59890669878625,
        54.71657555823219,
        61.387566015009725,
        70.72695265449828,
        95.29843417029555
    ],
    "list_y": [
        82.58091632542687,
        77.98229158618558,
        74.7187514486595,
        68.63669937417909,
        60.181163563316076,
        61.51624816503129,
        62.99967550027041,
        62.99967550027041,
        52.764026887120444,
        52.91236962064436,
        52.46734142007262,
        52.1706559530248,
        45.346890210924826,
        43.71512014216179,
        42.67672100749439,
        42.82506374101831,
        29.325874990342268,
        28.435818589198792,
        29.177532256818356,
        31.847701460248786,
        52.61568415359654
    ]
}