{
    "list_names": [
        "1",
        "2",
        "3",
        "4",
        "5",
        "6",
        "7",
        "8",
        "9",
        "10",
        "11",
        "12",
        "13",
        "14",
        "15",
        "16",
        "17",
        "18",
        "19",
        "20",
        "21"
    ],
    "list_x": [
        27.64416662779307,
        29.883285907543033,
        35.25717217894295,
        41.75061809021785,
        54.961421840742645,
        53.505994308905166,
        52.16252274105519,
        50.70709520921771,
        61.342911788030044,
        60.11139618416756,
        59.327704436255075,
        59.10379250828009,
        66.60484209544246,
        66.94070998740496,
        66.82875402341746,
        66.49288613145497,
        75.89718710640481,
        76.4569669263423,
        75.78523114241732,
        73.99393571861735,
        55.96902551663012
    ],
    "list_y": [
        51.00849171047311,
        36.824535755388965,
        20.699617406451207,
        9.352452642383899,
        83.55693800740303,
        73.70282123860773,
        62.50496127406762,
        45.63351892749385,
        88.33469159227347,
        77.28613642726056,
        64.29661886839403,
        47.42517652182027,
        80.12292761827739,
        69.97020125042769,
        56.68207409250677,
        43.543251734113035,
        63.40079007123083,
        55.039721297707544,
        45.63351892749385,
        34.286354163426545,
        1.1406886683878192
    ]
}