{
    "list_names": [
        "1",
        "2",
        "3",
        "4",
        "5",
        "6",
        "7",
        "8",
        "9",
        "10",
        "11",
        "12",
        "13",
        "14",
        "15",
        "16",
        "17",
        "18",
        "19",
        "20",
        "21"
    ],
    "list_x": [
        91.74499089253187,
        84.55616272009716,
        72.7043108682453,
        56.38372799028538,
        51.72070431086826,
        52.69216757741348,
        52.69216757741348,
        51.33211900425015,
        41.03460837887067,
        40.84031572556163,
        40.25743776563449,
        37.34304796599879,
        28.017000607164547,
        27.434122647237405,
        26.462659380692166,
        25.685488767455986,
        12.473588342440802,
        12.279295689131759,
        12.279295689131759,
        13.639344262295081,
        25.879781420765028
    ],
    "list_y": [
        53.983621474067334,
        46.8498635122839,
        36.804367606915385,
        19.625113739763425,
        87.03184713375796,
        81.20837124658782,
        72.47315741583259,
        59.66151046405824,
        91.25386715195634,
        85.28480436760692,
        76.25841674249318,
        62.136487716105556,
        86.59508644222021,
        81.35395814376707,
        72.47315741583259,
        61.262966333030036,
        76.11282984531393,
        71.59963603275706,
        64.32029117379436,
        55.58507734303913,
        20.207461328480438
    ]
}