{
    "list_names": [
        "1",
        "2",
        "3",
        "4",
        "5",
        "6",
        "7",
        "8",
        "9",
        "10",
        "11",
        "12",
        "13",
        "14",
        "15",
        "16",
        "17",
        "18",
        "19",
        "20",
        "21"
    ],
    "list_x": [
        43.90147783251231,
        53.95073891625616,
        66.75862068965517,
        78.1871921182266,
        12.768472906403941,
        22.226600985221676,
        33.45812807881774,
        47.251231527093594,
        8.433497536945813,
        18.285714285714285,
        31.29064039408867,
        44.29556650246305,
        16.11822660098522,
        25.379310344827587,
        38.97536945812808,
        48.63054187192118,
        32.669950738916256,
        41.73399014778325,
        50.40394088669951,
        58.08866995073892,
        85.87192118226601
    ],
    "list_y": [
        82.31105635971667,
        81.57191253464737,
        78.61533723437019,
        74.91961810902372,
        64.8672620880813,
        66.78903603326148,
        68.71080997844165,
        69.30212503849708,
        56.73668001231907,
        59.101940252540814,
        61.46720049276255,
        62.50200184785957,
        50.971358176778566,
        52.74530335694487,
        54.371419772097326,
        55.849707422235916,
        41.805974745919315,
        44.61472128118263,
        47.57129658145981,
        49.64089929165384,
        68.26732368340006
    ]
}