{
    "list_names": [
        "1",
        "2",
        "3",
        "4",
        "5",
        "6",
        "7",
        "8",
        "9",
        "10",
        "11",
        "12",
        "13",
        "14",
        "15",
        "16",
        "17",
        "18",
        "19",
        "20",
        "21"
    ],
    "list_x": [
        34.79051383399209,
        50.20553359683794,
        63.64426877470356,
        78.07114624505928,
        4.355731225296445,
        12.656126482213436,
        23.920948616600793,
        43.28853754940711,
        1.193675889328065,
        11.272727272727272,
        23.32806324110672,
        38.34782608695652,
        9.691699604743087,
        19.17786561264822,
        33.01185770750988,
        45.66007905138339,
        22.339920948616598,
        31.03557312252964,
        39.53359683794467,
        51.78656126482213,
        82.81422924901185
    ],
    "list_y": [
        43.40818027473376,
        49.48319185059423,
        53.039296187683284,
        58.2252816792715,
        59.41064979163451,
        60.596017903997534,
        63.11492514276895,
        65.63383238154036,
        65.93017440963112,
        66.96737150794877,
        70.22713381694706,
        72.89421206976385,
        74.22775119617225,
        74.82043525235378,
        76.30214539280753,
        77.33934249112518,
        79.56190770180584,
        79.71007871585122,
        80.15459175798735,
        81.04361784225961,
        78.96922364562433
    ]
}