{
    "list_names": [
        "1",
        "2",
        "3",
        "4",
        "5",
        "6",
        "7",
        "8",
        "9",
        "10",
        "11",
        "12",
        "13",
        "14",
        "15",
        "16",
        "17",
        "18",
        "19",
        "20",
        "21"
    ],
    "list_x": [
        42.90899167689999,
        51.85973529813071,
        66.37740483012689,
        76.96547960158276,
        8.634192932187203,
        17.91240278346296,
        26.535680174648657,
        40.5075726565698,
        1.866557511256652,
        12.78209851275754,
        26.09905853458862,
        38.761086096329656,
        5.905307681811979,
        17.475781143402923,
        30.465274935188976,
        41.92659298676491,
        20.095510983763134,
        32.75753854550416,
        41.92659298676491,
        50.87733660799564,
        87.11693273297858
    ],
    "list_y": [
        94.88551423115396,
        91.39365281440394,
        82.0820223697372,
        72.62489769937257,
        72.04292079658089,
        72.18841502227882,
        72.91588615076839,
        72.47940347367464,
        56.18405019550787,
        57.34800400109121,
        58.22096935527872,
        58.22096935527872,
        41.63462762571611,
        42.07111030280986,
        44.54451213967446,
        45.7084659452578,
        15.882149677184689,
        19.955987996726382,
        24.466308993361828,
        29.26761844139311,
        57.49349822678913
    ]
}