{
    "list_names": [
        "1",
        "2",
        "3",
        "4",
        "5",
        "6",
        "7",
        "8",
        "9",
        "10",
        "11",
        "12",
        "13",
        "14",
        "15",
        "16",
        "17",
        "18",
        "19",
        "20",
        "21"
    ],
    "list_x": [
        48.36852207293666,
        58.78804496846723,
        69.64628461749383,
        85.3304085549767,
        19.632574718947083,
        29.503701672607626,
        39.9232245681382,
        53.30408554976693,
        16.01316150260488,
        27.41979709350151,
        40.25226213326022,
        52.20729366602688,
        22.374554428297234,
        33.45215245407184,
        45.84590074033452,
        57.47189470797917,
        35.31669865642995,
        46.394296682204555,
        53.084727173018926,
        64.38168357554154,
        94.87249794351523
    ],
    "list_y": [
        82.49616368286445,
        79.13481914504932,
        75.18889294848374,
        66.27402265253927,
        59.40518816222141,
        60.86664230909755,
        62.32809645597369,
        63.20496894409938,
        50.49031786627694,
        50.78260869565217,
        50.49031786627694,
        50.19802703690171,
        39.52941176470588,
        38.6525392765802,
        38.944830105955425,
        38.50639386189258,
        19.653635367190354,
        21.26123492875411,
        23.01497990500548,
        26.52246985750822,
        51.51333576909025
    ]
}