{
    "list_names": [
        "1",
        "2",
        "3",
        "4",
        "5",
        "6",
        "7",
        "8",
        "9",
        "10",
        "11",
        "12",
        "13",
        "14",
        "15",
        "16",
        "17",
        "18",
        "19",
        "20",
        "21"
    ],
    "list_x": [
        38.77069983666289,
        49.224274406332455,
        65.70875738158061,
        79.57984671441135,
        6.203794446538514,
        14.848096494534493,
        24.497549943460232,
        41.3840934790803,
        1.7811282824475418,
        11.43058173137329,
        22.889307701972612,
        38.971730116848846,
        6.605855006910419,
        17.059429576579976,
        28.5181555471793,
        40.17791179796457,
        18.265611257695692,
        27.91506470662143,
        36.760397034803376,
        46.409850483729116,
        85.61075511998996
    ],
    "list_y": [
        21.92441805673358,
        24.186221845254927,
        27.0511733107153,
        33.83658467627934,
        39.717274526434835,
        39.566487607200074,
        39.717274526434835,
        40.1696352841391,
        46.50268589199887,
        46.50268589199887,
        47.105833568937896,
        47.70898124587692,
        56.45462256149279,
        56.60540948072755,
        56.00226180378853,
        55.700687965319005,
        64.44632928093488,
        64.14475544246537,
        63.39082084629159,
        62.335312411648296,
        48.764489680520214
    ]
}