{
    "list_names": [
        "1",
        "2",
        "3",
        "4",
        "5",
        "6",
        "7",
        "8",
        "9",
        "10",
        "11",
        "12",
        "13",
        "14",
        "15",
        "16",
        "17",
        "18",
        "19",
        "20",
        "21"
    ],
    "list_x": [
        86.94839337877313,
        85.58519961051609,
        83.44303797468356,
        70.78481012658229,
        52.86854917234666,
        54.621226874391446,
        56.958130477117834,
        59.29503407984422,
        40.79454722492698,
        41.96299902629018,
        42.74196689386563,
        43.520934761441104,
        32.031158714703025,
        29.8889970788705,
        28.915287244401174,
        29.3047711781889,
        15.088607594936716,
        13.335929892891926,
        13.141187925998057,
        14.69912366114898,
        41.57351509250244
    ],
    "list_y": [
        61.61751824817518,
        52.42043795620438,
        39.86569343065694,
        20.449635036496353,
        86.43503649635036,
        80.30364963503649,
        73.00437956204381,
        59.86569343065693,
        91.39854014598541,
        84.39124087591242,
        75.48613138686132,
        61.32554744525548,
        85.7051094890511,
        79.28175182481752,
        70.81459854014598,
        56.94598540145986,
        73.88029197080293,
        65.85109489051095,
        59.71970802919708,
        49.354744525547446,
        13.442335766423358
    ]
}