{
    "list_names": [
        "1",
        "2",
        "3",
        "4",
        "5",
        "6",
        "7",
        "8",
        "9",
        "10",
        "11",
        "12",
        "13",
        "14",
        "15",
        "16",
        "17",
        "18",
        "19",
        "20",
        "21"
    ],
    "list_x": [
        90.12133072407045,
        89.53424657534246,
        85.03326810176125,
        71.1389432485323,
        57.04892367906068,
        59.201565557729936,
        61.54990215264188,
        63.31115459882583,
        43.154598825831705,
        44.72015655577301,
        45.698630136986296,
        46.09001956947163,
        34.15264187866928,
        32.58708414872799,
        31.217221135029355,
        31.608610567514674,
        17.127201565557733,
        15.561643835616445,
        15.953033268101764,
        18.105675146771038,
        43.154598825831705
    ],
    "list_y": [
        58.42406456346295,
        47.41892883345562,
        33.0388848129127,
        14.990462215700662,
        87.03741746148202,
        80.5810711665444,
        71.0432868672047,
        56.809977989728544,
        93.05355832721938,
        85.27659574468086,
        75.59207630227439,
        58.27732942039619,
        87.33088774761556,
        80.28760088041086,
        70.60308143800441,
        55.19589141599414,
        75.00513573000734,
        66.64123257520177,
        59.45121056493031,
        47.71239911958915,
        10.588407923697726
    ]
}