{
    "list_names": [
        "1",
        "2",
        "3",
        "4",
        "5",
        "6",
        "7",
        "8",
        "10",
        "10",
        "11",
        "12",
        "13",
        "14",
        "15",
        "16",
        "17",
        "18",
        "19",
        "20",
        "21"
    ],
    "list_x": [
        48.22837284349013,
        56.370361176616605,
        67.68971081047536,
        79.20764552562989,
        11.68871788506889,
        21.81655703115303,
        32.73873650242027,
        48.02978776219437,
        5.53258036490009,
        15.85900459228001,
        29.561375201687973,
        46.83827727441977,
        10.894377559885811,
        20.823631624674203,
        34.3274171527864,
        47.2354474370113,
        24.199578006702254,
        33.731661908899106,
        43.263745811095944,
        53.78875511977163,
        87.54821894005212
    ],
    "list_y": [
        92.55801825293351,
        92.40901471409947,
        89.87595455392065,
        86.89588377723972,
        82.12777053455021,
        83.17079530638853,
        84.36282361706091,
        84.9588377723971,
        76.91264667535854,
        78.25367852486498,
        80.48873160737567,
        80.33972806854163,
        71.84652635500093,
        73.3365617433414,
        74.67759359284783,
        74.82659713168188,
        64.09834233563048,
        65.58837772397095,
        67.37642018997953,
        68.5684485006519,
        79.74371391320544
    ]
}