{
    "list_names": [
        "1",
        "2",
        "3",
        "4",
        "5",
        "6",
        "7",
        "8",
        "9",
        "10",
        "11",
        "12",
        "13",
        "14",
        "15",
        "16",
        "17",
        "18",
        "19",
        "20",
        "21"
    ],
    "list_x": [
        47.04152034703573,
        57.50767747710528,
        70.5077463334022,
        81.96543413895199,
        18.507470908214554,
        28.532947738070646,
        39.32961509330028,
        55.19410590098464,
        12.448116780279554,
        23.685464435722643,
        37.23638366728637,
        54.31274530055773,
        18.837981133374647,
        30.51600908903119,
        43.29573779522137,
        54.75342560077119,
        34.26179164084555,
        46.16015974660882,
        54.20257522550437,
        63.12635130482682,
        95.62652344556909
    ],
    "list_y": [
        68.00232664931885,
        68.29621919485687,
        68.29621919485687,
        64.18172355732435,
        44.931761824582885,
        49.34015000765345,
        54.630215827338134,
        58.59776519210163,
        36.55582427674881,
        40.3764273687433,
        45.813439461197,
        48.75236491657738,
        29.50240318383591,
        32.882167457523344,
        36.84971682228685,
        39.49474973212919,
        18.18754018062146,
        20.391734272156743,
        23.771498545844175,
        27.004316546762592,
        54.48326955456911
    ]
}