{
    "list_names": [
        "1",
        "2",
        "3",
        "4",
        "5",
        "6",
        "7",
        "8",
        "9",
        "10",
        "11",
        "12",
        "13",
        "14",
        "15",
        "16",
        "17",
        "18",
        "19",
        "20",
        "21"
    ],
    "list_x": [
        86.79324633558042,
        84.6162409549137,
        78.87686313315604,
        70.56466077061042,
        61.06500092770114,
        62.05454882800421,
        62.45036798812543,
        61.65872966788297,
        49.98206444430701,
        50.17997402436762,
        49.784154864246396,
        48.39878780382213,
        33.95138845939761,
        34.149298039458216,
        34.74302677964005,
        35.33675551982187,
        21.285175335518577,
        22.274723235821632,
        23.06636155606407,
        24.253819036427732,
        45.03432494279176
    ],
    "list_y": [
        36.129878161914775,
        49.34034263096047,
        63.589832395324386,
        76.20656812418825,
        7.18560207805059,
        14.607211330323459,
        23.661574618096356,
        39.840682788051204,
        3.0295008967777846,
        11.04483888923248,
        23.216278062959983,
        37.91106438246026,
        7.482466448141505,
        17.278990661141687,
        29.45042983486919,
        39.39538623291484,
        18.614880326550807,
        27.37237924423279,
        35.684581606778394,
        48.301317335642274,
        82.73758426618838
    ]
}