{
    "list_names": [
        "1",
        "2",
        "3",
        "4",
        "5",
        "6",
        "7",
        "8",
        "9",
        "10",
        "11",
        "12",
        "13",
        "14",
        "15",
        "16",
        "17",
        "18",
        "19",
        "20",
        "21"
    ],
    "list_x": [
        48.23744334261325,
        58.176932103168205,
        67.89554333571084,
        76.95152198421646,
        18.087660768929897,
        27.25407818144168,
        37.635321998021304,
        51.44016749879208,
        10.798702344522926,
        20.959068633090215,
        33.54908772979316,
        50.00446356671191,
        15.87888548880657,
        25.928813013367687,
        37.19356694199664,
        51.99236131882291,
        26.922761889423185,
        37.635321998021304,
        45.25559671444677,
        56.18903435105722,
        86.55969445275292
    ],
    "list_y": [
        77.73440255140373,
        75.23206427574786,
        71.25776230852972,
        65.36990754228063,
        60.954016467593796,
        62.131587420843616,
        64.63392569649947,
        63.89794385071835,
        50.797466995814105,
        52.416627056532604,
        54.47737622471979,
        53.29980527146997,
        41.96568484644045,
        42.701666692221586,
        43.87923764547141,
        43.73204127631519,
        28.12922614575507,
        28.570815253223756,
        29.601189837317346,
        31.514742636348302,
        53.74139437893865
    ]
}