{
    "list_names": [
        "1",
        "2",
        "3",
        "4",
        "5",
        "6",
        "7",
        "8",
        "9",
        "10",
        "11",
        "12",
        "13",
        "14",
        "15",
        "16",
        "17",
        "18",
        "19",
        "20",
        "21"
    ],
    "list_x": [
        5.788435788192332,
        7.736092513694461,
        10.852343274497871,
        26.823128423615337,
        31.887035909920883,
        31.887035909920883,
        32.08180158247109,
        35.97711503347536,
        44.54680462568472,
        45.13110164333536,
        46.68922702373706,
        51.363603164942184,
        59.933292757151555,
        61.49141813755326,
        63.6338405356056,
        65.58149726110773,
        75.31978088861838,
        76.68314059646987,
        77.46220328667073,
        79.02032866707243,
        65.38673158855752
    ],
    "list_y": [
        67.02325015216068,
        60.449908703591,
        47.887522824102255,
        25.68423615337797,
        90.10298234936093,
        86.01290322580645,
        80.7542300669507,
        66.73110164333536,
        92.87839318320147,
        89.08046256847231,
        82.94534388314061,
        69.21436396835058,
        89.95690809494826,
        84.69823493609252,
        77.97881923311017,
        66.00073037127207,
        82.06889835666463,
        76.3720024345709,
        70.38295800365186,
        62.056725502130256,
        20.133414485696896
    ]
}