{
    "list_names": [
        "1",
        "2",
        "3",
        "4",
        "5",
        "6",
        "7",
        "8",
        "9",
        "10",
        "11",
        "12",
        "13",
        "14",
        "15",
        "16",
        "17",
        "18",
        "19",
        "20",
        "21"
    ],
    "list_x": [
        86.24977284199898,
        77.72074709742553,
        67.64098939929328,
        52.133669863705194,
        63.76415951539625,
        63.1826350328117,
        60.662695608278625,
        55.42897526501765,
        49.80757193336698,
        47.2876325088339,
        44.57385159010599,
        39.72781423523472,
        36.04482584553255,
        33.52488642099949,
        29.45421504290762,
        26.740434124179703,
        15.885310449268037,
        14.528419989904078,
        13.365371024734975,
        13.559212518929828,
        22.66976274608783
    ],
    "list_y": [
        57.4590052237111,
        48.15625709743356,
        31.876447876447877,
        17.050193050193048,
        88.56506927095161,
        81.1519418578242,
        71.4131274131274,
        56.441517147399495,
        92.0535998183057,
        84.4951169657052,
        72.72132636838519,
        58.47649330002271,
        88.41971383147853,
        79.69838746309334,
        68.94208494208495,
        56.73222802634567,
        77.08198955257778,
        68.06995230524642,
        61.383602089484434,
        50.918010447422205,
        17.77697024755848
    ]
}