{
    "list_names": [
        "1",
        "2",
        "3",
        "4",
        "5",
        "6",
        "7",
        "8",
        "9",
        "10",
        "11",
        "12",
        "13",
        "14",
        "15",
        "16",
        "17",
        "18",
        "19",
        "20",
        "21"
    ],
    "list_x": [
        92.63852498786999,
        86.42794759825327,
        79.82920912178555,
        64.69092673459485,
        52.26977195536147,
        52.65793304221253,
        53.43425521591461,
        54.404657933042216,
        35.3847646773411,
        36.54924793789422,
        38.10189228529841,
        40.8190198932557,
        21.99320718098011,
        23.739932071809804,
        27.03930131004367,
        31.309073265405143,
        3.555555555555557,
        7.437166424065988,
        11.706938379427461,
        17.917515769044154,
        41.20718098010675
    ],
    "list_y": [
        50.93449781659389,
        43.802037845705975,
        32.44832605531296,
        18.037845705967978,
        74.9519650655022,
        71.02183406113538,
        63.74381368267832,
        51.37117903930132,
        78.44541484716157,
        73.05967976710335,
        64.32605531295489,
        52.09898107714702,
        74.51528384279476,
        68.40174672489084,
        59.81368267831151,
        48.314410480349345,
        60.39592430858807,
        54.71906841339156,
        49.77001455604076,
        43.07423580786026,
        13.816593886462885
    ]
}