{
    "list_names": [
        "1",
        "2",
        "3",
        "4",
        "5",
        "6",
        "7",
        "8",
        "9",
        "10",
        "11",
        "12",
        "13",
        "14",
        "15",
        "16",
        "17",
        "18",
        "19",
        "20",
        "21"
    ],
    "list_x": [
        8.367458791770627,
        13.275634995296333,
        20.147081680232322,
        30.15976113542476,
        45.27694384228394,
        43.117346312732614,
        41.546729927604396,
        41.154075831322345,
        54.111661008630215,
        53.326352816066105,
        52.73737167164302,
        53.52267986420713,
        67.65822733036116,
        67.26557323407911,
        66.08761094523292,
        65.10597570452778,
        78.25988792997668,
        77.27825268927154,
        76.10029040042538,
        75.51130925600229,
        55.093296249335346
    ],
    "list_y": [
        59.50512997469519,
        48.75748792270531,
        32.56241085806303,
        22.5509086726478,
        89.6868645042558,
        80.85318610536002,
        71.13613986657465,
        55.23551874856223,
        93.07310789049919,
        83.79774557165861,
        71.57782378651943,
        56.41334253508166,
        86.88953301127215,
        77.3197147458017,
        66.57207269381182,
        53.32155509546814,
        75.25852311939268,
        67.01375661375661,
        59.50512997469519,
        48.90471589602024,
        12.833862433862434
    ]
}