{
    "list_names": [
        "1",
        "2",
        "3",
        "4",
        "5",
        "6",
        "7",
        "8",
        "9",
        "10",
        "11",
        "12",
        "13",
        "14",
        "15",
        "16",
        "17",
        "18",
        "19",
        "20",
        "21"
    ],
    "list_x": [
        90.37003331437393,
        80.61948484602257,
        66.38368408222962,
        49.80775168603234,
        56.43812464451125,
        55.46306979767612,
        54.09799301210693,
        50.977817502234494,
        42.59234581945234,
        42.00731291135127,
        40.447225156415044,
        36.742016738441535,
        26.601446331356136,
        25.821402453888037,
        24.26131469895181,
        22.7012269440156,
        5.7352726090842605,
        5.930283578451289,
        6.515316486552367,
        9.245470057690747,
        18.80100755667506
    ],
    "list_y": [
        51.39650918395321,
        43.93968747144293,
        32.24271223613269,
        18.64497852508453,
        78.44576441560815,
        74.35182308324957,
        67.91848670382893,
        56.22151146851869,
        82.1010691766426,
        78.44576441560815,
        72.15864022662889,
        60.02302841999452,
        77.86091565384264,
        74.49803527369095,
        68.50333546559445,
        58.1222699442566,
        67.91848670382893,
        64.26318194279447,
        59.58439184867038,
        52.27378232660148,
        20.98437357214658
    ]
}