{
    "list_names": [
        "1",
        "2",
        "3",
        "4",
        "5",
        "6",
        "7",
        "8",
        "9",
        "10",
        "11",
        "12",
        "13",
        "14",
        "15",
        "16",
        "17",
        "18",
        "19",
        "20",
        "21"
    ],
    "list_x": [
        8.461413484971569,
        8.656376929325752,
        11.385865150284323,
        20.54914703493095,
        40.04549147034931,
        38.680747359870026,
        37.31600324939074,
        37.31600324939074,
        50.76848090982941,
        50.76848090982941,
        51.54833468724615,
        54.08285946385053,
        67.14541023558083,
        68.12022745735175,
        68.31519090170593,
        68.7051177904143,
        81.18277822908205,
        81.7676685621446,
        81.96263200649878,
        82.35255889520715,
        58.95694557270512
    ],
    "list_y": [
        65.17001828153565,
        58.73491773308958,
        45.71846435100549,
        24.219378427787934,
        88.86288848263254,
        83.74405850091408,
        78.77148080438756,
        64.43875685557587,
        91.64168190127971,
        86.52285191956125,
        79.79524680073126,
        66.19378427787935,
        87.6928702010969,
        79.6489945155393,
        72.77513711151737,
        62.098720292504574,
        78.47897623400365,
        71.45886654478976,
        65.46252285191956,
        56.541133455210236,
        15.590493601462523
    ]
}